[
  {
    "id": 1,
    "name": "Mounika",
    "department": "Project Management",
    "email": "mouni@gmail.com",
    "phone": "6303332010",
    "totalProjects": 8
  },
  {
    "id": 2,
    "name": "Gayathri",
    "department": "Operations",
    "email": "gayathri@gmail.com",
    "phone": "9988776655",
    "totalProjects": 5
  },
  {
    "id": 3,
    "name": "Karuna",
    "department": "Finance",
    "email": "karuna@gmail.com",
    "phone": "9823123456",
    "totalProjects": 6
  },
  {
    "id": 4,
    "name": "Vamshi",
    "department": "Devops",
    "email": "challa@gmail.com",
    "phone": "9012345678",
    "totalProjects": 3
  }
]
