[
  {
    "id": 1,
    "message": "New client 'TechWave Pvt Ltd' added successfully.",
    "time": "2 mins ago",
    "read": false
  },
  {
    "id": 2,
    "message": "Invoice #INV-1024 generated for 'CloudSync Inc'.",
    "time": "10 mins ago",
    "read": false
  },
  {
    "id": 3,
    "message": "Employee 'John Smith' marked 5 tasks as completed.",
    "time": "1 hr ago",
    "read": true
  },
  {
    "id": 4,
    "message": "New project 'EventPro Platform' created.",
    "time": "3 hrs ago",
    "read": false
  }
]
