{
  "invoices": [
    {
      "sno": 1,
      "name": "John Doe",
      "invoiceNo": "INV-1001",
      "net amount": 1200,
      "status": "Paid"
    },
    {
      "sno": 2,
      "name": "Priya Sharma",
      "invoiceNo": "INV-1002",
     
      "net amount": 850,
      "status": "Pending"
    },
    {
      "sno": 3,
      "name": "Rahul Verma",
      "invoiceNo": "INV-1003",
      
      "net amount": 2300,
      "status": "Overdue"
    },
    {
      "sno": 4,
      "name": "Anjali Singh",
      "invoiceNo": "INV-1004",
      "net amount": 1800,
      "status": "Paid"
    }
  ]
}
