{
  "paymentHistory": [
    {
      "id": "1",
      "amount": 2500,
      "timestamp": "2025-10-16 14:32:10",
      "razorpay_order_id": "order_KM1Xz8G9h2W3aB",
      "razorpay_payment_id": "pay_KM1Y3bQ8n9T2fC",
      "razorpay_signature": "sig_abc123xyz456",
      "status": "Completed",
      "invoice_id": "INV1001"
    },
    {
      "id": "2",
      "amount": 4200,
      "timestamp": "2025-10-14 09:25:33",
      "razorpay_order_id": "order_KL9Tx3V5q2D4bC",
      "razorpay_payment_id": "pay_KL9Ux8N7t3E6fP",
      "razorpay_signature": "sig_def789ghi123",
      "status": "Pending",
      "invoice_id": "INV1002"
    }
  ],
  "paymentMethods": [
    { "id": 1, "name": "Credit / Debit Card", "description": "Pay securely with your card." },
    { "id": 2, "name": "UPI", "description": "Use Google Pay, PhonePe, or Paytm UPI." },
    { "id": 3, "name": "Net Banking", "description": "Pay directly using your bank account." },
    { "id": 4, "name": "Wallets", "description": "Use Amazon Pay, Mobikwik, or other wallets." }
  ]
}
